{ "stream":"snd/sprite", "sprite": { "silence": [ 0, 100, true ], "drop_chip": [ 200, 318.93424036281186 ], "win": [ 1300, 1013.7868480725623 ] } }
